ID,Language_ID,Filename,URL,mimetype,size
db37ee1b3b9414f12ef6498754904152,tzh,1.JPG,https://cdstar.shh.mpg.de/bitstreams/EAEA0-8209-1479-1656-0/1.JPG,image/jpeg,178510
5a5904678362e19fd205f09069036c11,tzh,10.JPG,https://cdstar.shh.mpg.de/bitstreams/EAEA0-EFEA-C691-8068-0/10.JPG,image/jpeg,446799
9221880ec91fd23b4fb12c7647bc1828,tzh,100.JPG,https://cdstar.shh.mpg.de/bitstreams/EAEA0-09F2-060E-8EC6-0/100.JPG,image/jpeg,4716016
70e7aa24245cdd835f4335bc398e86ab,tzh,101.JPG,https://cdstar.shh.mpg.de/bitstreams/EAEA0-B54B-3FBA-74D7-0/101.JPG,image/jpeg,3142259
6457fff64a447df7dfddeb9e0a9a9354,tzh,102.JPG,https://cdstar.shh.mpg.de/bitstreams/EAEA0-F868-B94C-C28F-0/102.JPG,image/jpeg,1660640
a53a6c5766cb06bfa859889a25531849,tzh,103.JPG,https://cdstar.shh.mpg.de/bitstreams/EAEA0-0B17-FB51-6CFF-0/103.JPG,image/jpeg,3760071
c3797c5abdfa7d47119a3b062edff411,tzh,104.JPG,https://cdstar.shh.mpg.de/bitstreams/EAEA0-EABB-C616-D177-0/104.JPG,image/jpeg,2091157
0fd8a2d94db0e8d6b3600ac9c21c6b56,tzh,105.JPG,https://cdstar.shh.mpg.de/bitstreams/EAEA0-5A94-AF82-5B19-0/105.JPG,image/jpeg,1317914
9a776d449d02423dd94ad695a26bea2c,tzh,106.JPG,https://cdstar.shh.mpg.de/bitstreams/EAEA0-C823-E26E-15EE-0/106.JPG,image/jpeg,4115077
b4f7fd54d77158054bda9b001d66e3d0,tzh,107.JPG,https://cdstar.shh.mpg.de/bitstreams/EAEA0-97DF-C2B7-1677-0/107.JPG,image/jpeg,492931
45da7e79bba63560a3ae4e513fbd8770,tzh,108.JPG,https://cdstar.shh.mpg.de/bitstreams/EAEA0-645C-584B-C544-0/108.JPG,image/jpeg,1598549
72bed62e999c4355622cee82af045b7a,tzh,109.JPG,https://cdstar.shh.mpg.de/bitstreams/EAEA0-92E4-E026-74DD-0/109.JPG,image/jpeg,3470899
36a2e9ff50f3dfade352c99dd0e4bb99,tzh,11.JPG,https://cdstar.shh.mpg.de/bitstreams/EAEA0-E72F-85D0-8267-0/11.JPG,image/jpeg,537027
5348fd2ebe57ae9afa7d895a2156c313,tzh,110.JPG,https://cdstar.shh.mpg.de/bitstreams/EAEA0-3406-DDF1-A619-0/110.JPG,image/jpeg,2832873
a5ebe3a1892831e5bb2643cb75ec6c0a,tzh,111.jpg,https://cdstar.shh.mpg.de/bitstreams/EAEA0-D1F0-2D56-CE52-0/111.jpg,image/jpeg,1551904
3773d9dd703d0b1eb3c38084ed0ea69b,tzh,112.jpg,https://cdstar.shh.mpg.de/bitstreams/EAEA0-E66F-9FF8-E0F4-0/112.jpg,image/jpeg,2898847
dade4c3b39a697b1747cd21d1d2fe092,tzh,113.jpg,https://cdstar.shh.mpg.de/bitstreams/EAEA0-7DF0-73E9-96C7-0/113.jpg,image/jpeg,4704455
3582cbea9421d59574f427440ef74450,tzh,114.jpg,https://cdstar.shh.mpg.de/bitstreams/EAEA0-FB3F-CCBF-18F1-0/114.jpg,image/jpeg,1381951
f83c3264ea39658f549fb83a722f5918,tzh,115.jpg,https://cdstar.shh.mpg.de/bitstreams/EAEA0-AFFB-D907-2C96-0/115.jpg,image/jpeg,4586247
2165d9f0990909379857e97c6bea799a,tzh,116.jpg,https://cdstar.shh.mpg.de/bitstreams/EAEA0-3B31-1B9A-D5E8-0/116.jpg,image/jpeg,1111133
905f6468e95a0bf56eab202e8460facd,tzh,117.jpg,https://cdstar.shh.mpg.de/bitstreams/EAEA0-5226-3E32-47EF-0/117.jpg,image/jpeg,2815170
5a642ee94f5e1231a9d07c372ba5d380,tzh,118.jpg,https://cdstar.shh.mpg.de/bitstreams/EAEA0-0CBF-5FFE-45D2-0/118.jpg,image/jpeg,2322645
269e7c4cffd333206bfac88bedf8c86e,tzh,119.jpg,https://cdstar.shh.mpg.de/bitstreams/EAEA0-19E9-BCE7-638B-0/119.jpg,image/jpeg,772672
9e28cf6ecc4330a7c0926f05426553c6,tzh,12.JPG,https://cdstar.shh.mpg.de/bitstreams/EAEA0-D934-E693-1172-0/12.JPG,image/jpeg,355160
4fc247d85840909c9af32b4539e093c7,tzh,120.jpg,https://cdstar.shh.mpg.de/bitstreams/EAEA0-739C-8CEC-2520-0/120.jpg,image/jpeg,2470904
771b5acbd1c40f23430f181347bf3679,tzh,121.jpg,https://cdstar.shh.mpg.de/bitstreams/EAEA0-F2EE-C194-5F0C-0/121.jpg,image/jpeg,2829014
84cf4f4104cb5ec9cbb9bcd0d1c4bcfb,tzh,122.jpg,https://cdstar.shh.mpg.de/bitstreams/EAEA0-D131-A230-7E32-0/122.jpg,image/jpeg,3977672
d06e3c61848601745319ab1d4fa311a7,tzh,124.jpg,https://cdstar.shh.mpg.de/bitstreams/EAEA0-D78E-1163-B37D-0/124.jpg,image/jpeg,943426
a66cc8d4becb86171df2e4aade65adb3,tzh,125.jpg,https://cdstar.shh.mpg.de/bitstreams/EAEA0-D68A-46EA-0FF1-0/125.jpg,image/jpeg,1552354
488e8871c22d2e08f6e957e43377688a,tzh,126.jpg,https://cdstar.shh.mpg.de/bitstreams/EAEA0-1F47-409D-EF8D-0/126.jpg,image/jpeg,3502869
90928f5b1a8a5bce0703b762b04f5281,tzh,127.jpg,https://cdstar.shh.mpg.de/bitstreams/EAEA0-6B2B-EB99-82D0-0/127.jpg,image/jpeg,3329992
f982cfed28d1dd87cc02067b6aa85944,tzh,128.jpg,https://cdstar.shh.mpg.de/bitstreams/EAEA0-7E89-3128-6850-0/128.jpg,image/jpeg,1903334
b331cff1fb984485a99b3dd7ccea15ee,tzh,129.jpg,https://cdstar.shh.mpg.de/bitstreams/EAEA0-91BF-9AA8-0ED3-0/129.jpg,image/jpeg,171438
ca5505830aa55e98df81b816d3f40fdf,tzh,13.JPG,https://cdstar.shh.mpg.de/bitstreams/EAEA0-0237-9EE4-5089-0/13.JPG,image/jpeg,276588
38b2dccb72b2e037f402d1ccebd2d3a3,tzh,130.jpg,https://cdstar.shh.mpg.de/bitstreams/EAEA0-AF4F-78B4-1AC5-0/130.jpg,image/jpeg,12587556
8b84ebb9eb84dcc14af68e86d3235882,tzh,131.jpg,https://cdstar.shh.mpg.de/bitstreams/EAEA0-78A3-0A48-8A4B-0/131.jpg,image/jpeg,7081033
1ab7271b556fc08b54c8cf608337572d,tzh,132.jpg,https://cdstar.shh.mpg.de/bitstreams/EAEA0-3AE5-B069-E199-0/132.jpg,image/jpeg,9004021
4bf2724ef051a4481e73966b700cfafc,tzh,133.jpg,https://cdstar.shh.mpg.de/bitstreams/EAEA0-9F28-06EC-85B9-0/133.jpg,image/jpeg,5088752
f4c7c9f58ba3bb7b8654cb57aa9a9fca,tzh,134.jpg,https://cdstar.shh.mpg.de/bitstreams/EAEA0-C8E5-31C5-70C5-0/134.jpg,image/jpeg,452580
43c66a806d100cc4777b9ff5195818b2,tzh,135.jpg,https://cdstar.shh.mpg.de/bitstreams/EAEA0-0038-1435-AA43-0/135.jpg,image/jpeg,3244340
9996bd7a1de3b8b3066948a13a9084a9,tzh,136.jpg,https://cdstar.shh.mpg.de/bitstreams/EAEA0-83EC-9BFF-D786-0/136.jpg,image/jpeg,2985175
ee50fb6598fcbd74662fc3bf1c6279e6,tzh,137.jpg,https://cdstar.shh.mpg.de/bitstreams/EAEA0-D239-8E64-3B10-0/137.jpg,image/jpeg,1326536
52abdaee47ef4722cf4bbfcd0cec9d46,tzh,138.jpg,https://cdstar.shh.mpg.de/bitstreams/EAEA0-4B4C-8ACE-3FA0-0/138.jpg,image/jpeg,705963
671ff586af8cd474adb0ce940538b513,tzh,139.jpg,https://cdstar.shh.mpg.de/bitstreams/EAEA0-78FD-F6E0-E4A8-0/139.jpg,image/jpeg,858950
eba29c536243c92a123302f865c19274,tzh,14.JPG,https://cdstar.shh.mpg.de/bitstreams/EAEA0-3393-1CC3-8859-0/14.JPG,image/jpeg,531511
9ceb6833fcf710470aedacc60d8fc630,tzh,140.jpg,https://cdstar.shh.mpg.de/bitstreams/EAEA0-C767-E278-14A3-0/140.jpg,image/jpeg,2999232
8cbb9b3050f68640d22e526c1a78ca32,tzh,141.jpg,https://cdstar.shh.mpg.de/bitstreams/EAEA0-A6A7-AAB1-6300-0/141.jpg,image/jpeg,3707751
23e3fb951d452bbed4645eec4cb7bf1e,tzh,142.jpg,https://cdstar.shh.mpg.de/bitstreams/EAEA0-1E63-7AAC-6495-0/142.jpg,image/jpeg,4139992
09fe8838f0c4bbae6639bec6de99ce69,tzh,143.jpg,https://cdstar.shh.mpg.de/bitstreams/EAEA0-A3E7-4DC7-7896-0/143.jpg,image/jpeg,951082
e05f31a7d28ae941eb69c1e7421d89f5,tzh,144.jpg,https://cdstar.shh.mpg.de/bitstreams/EAEA0-0C4F-7175-A2B1-0/144.jpg,image/jpeg,2632506
a33965af640a409b89d3de2ab03115de,tzh,145.jpg,https://cdstar.shh.mpg.de/bitstreams/EAEA0-E592-3E90-C3EC-0/145.jpg,image/jpeg,355804
794a36494520f85b279e4a832a4b1c3f,tzh,146.jpg,https://cdstar.shh.mpg.de/bitstreams/EAEA0-B8FD-0F11-F972-0/146.jpg,image/jpeg,304389
35cb130c07fd81b2e2159fab06d8f5d7,tzh,147.jpg,https://cdstar.shh.mpg.de/bitstreams/EAEA0-D069-A94F-FD0E-0/147.jpg,image/jpeg,5707016
c581181264bf0a1e4b5422b90078fc4b,tzh,148.jpg,https://cdstar.shh.mpg.de/bitstreams/EAEA0-1D42-26B8-D42B-0/148.jpg,image/jpeg,235701
1063f21b632451bfc8fdd812c4396f39,tzh,149.jpg,https://cdstar.shh.mpg.de/bitstreams/EAEA0-5407-4DDE-AF05-0/149.jpg,image/jpeg,1828342
09e25f7ace8ce9af9644298880d5fee1,tzh,15.JPG,https://cdstar.shh.mpg.de/bitstreams/EAEA0-03ED-A9C6-ED0B-0/15.JPG,image/jpeg,235101
2f8a8a0851ec2ac108028d426548d209,tzh,150.jpg,https://cdstar.shh.mpg.de/bitstreams/EAEA0-4273-05DD-37C1-0/150.jpg,image/jpeg,4593784
1bd4ade4081b12c4fca0a4944c2d13ad,tzh,151.jpg,https://cdstar.shh.mpg.de/bitstreams/EAEA0-E155-BFC0-C759-0/151.jpg,image/jpeg,2642055
d820d7de0c969b351aa04f9d848e2509,tzh,152.jpg,https://cdstar.shh.mpg.de/bitstreams/EAEA0-CF86-3542-55A0-0/152.jpg,image/jpeg,2554802
d444c7eb02c12c8c4a92df417aa2d3a8,tzh,153.jpg,https://cdstar.shh.mpg.de/bitstreams/EAEA0-B1FC-D0C0-3080-0/153.jpg,image/jpeg,2480171
078e550063621245dc7f7a3884618774,tzh,154.jpg,https://cdstar.shh.mpg.de/bitstreams/EAEA0-232E-EFBE-B5A0-0/154.jpg,image/jpeg,4290295
202db8ff27cd6156ee5e81b1df62cb98,tzh,155.JPG,https://cdstar.shh.mpg.de/bitstreams/EAEA0-8E20-1392-52F0-0/155.JPG,image/jpeg,745841
62a17f09006e792633050ed7c41abf79,tzh,156.jpg,https://cdstar.shh.mpg.de/bitstreams/EAEA0-8BBF-60BD-DBB5-0/156.jpg,image/jpeg,576812
22c968cf43f6a4daff42adc9bf75d08e,tzh,157.jpg,https://cdstar.shh.mpg.de/bitstreams/EAEA0-CC14-8DE2-2B69-0/157.jpg,image/jpeg,1016961
7ff8568634b68e0b4dbdc9304d249f1b,tzh,158.jpg,https://cdstar.shh.mpg.de/bitstreams/EAEA0-9DEB-345C-8499-0/158.jpg,image/jpeg,2963550
df50afa991ef56381ed444d4160b0a41,tzh,159.jpg,https://cdstar.shh.mpg.de/bitstreams/EAEA0-2A9C-D73D-ABFD-0/159.jpg,image/jpeg,2022405
a3f6eb18bbb9696ec70366767ec2c215,tzh,16.JPG,https://cdstar.shh.mpg.de/bitstreams/EAEA0-9C52-E599-3822-0/16.JPG,image/jpeg,275442
225956336a40252c63ed83ec0a7ee057,tzh,160.jpg,https://cdstar.shh.mpg.de/bitstreams/EAEA0-709D-7A92-2ED6-0/160.jpg,image/jpeg,603428
f05023964e4cfbb26480c59f2f5662fe,tzh,161.jpg,https://cdstar.shh.mpg.de/bitstreams/EAEA0-0FA1-E88D-3237-0/161.jpg,image/jpeg,135551
f1033c79bd46c5a183c58fcfcc9c568d,tzh,162.jpg,https://cdstar.shh.mpg.de/bitstreams/EAEA0-7F1F-10DA-5CDD-0/162.jpg,image/jpeg,1295995
000fa4f2eaeb19454ed7e79553075ec3,tzh,163.jpg,https://cdstar.shh.mpg.de/bitstreams/EAEA0-1504-3A94-BD4F-0/163.jpg,image/jpeg,3037685
c9d730cd99ac5eaaddffcec6bc4912d4,tzh,164.jpg,https://cdstar.shh.mpg.de/bitstreams/EAEA0-344E-6E17-6342-0/164.jpg,image/jpeg,3628555
13fb2e4d242272cb8478ae21f87cda96,tzh,165.jpg,https://cdstar.shh.mpg.de/bitstreams/EAEA0-8CB5-C5CF-9B8E-0/165.jpg,image/jpeg,3048736
b952acd386a1e29cadb6cabd0001a9ea,tzh,166.jpg,https://cdstar.shh.mpg.de/bitstreams/EAEA0-1D35-EF93-C2D0-0/166.jpg,image/jpeg,4128343
e8be9c74e894cf22d316bfc76cd19256,tzh,167.jpg,https://cdstar.shh.mpg.de/bitstreams/EAEA0-14DC-F6C2-9ABC-0/167.jpg,image/jpeg,290314
d1dd828b55c9f7b918340cf80f5bacc1,tzh,168.jpg,https://cdstar.shh.mpg.de/bitstreams/EAEA0-4E71-9E28-9225-0/168.jpg,image/jpeg,1474504
d48b67a52aa14d5c020081305a0677c8,tzh,169.jpg,https://cdstar.shh.mpg.de/bitstreams/EAEA0-1706-01D3-6BFF-0/169.jpg,image/jpeg,132120
132d65e8558d7838d105a054d0c7a4d8,tzh,17.JPG,https://cdstar.shh.mpg.de/bitstreams/EAEA0-B324-B65F-D42F-0/17.JPG,image/jpeg,343001
f8c36d07c9f10a93141ae5130dcfc0cf,tzh,170.jpg,https://cdstar.shh.mpg.de/bitstreams/EAEA0-6871-CBDA-7599-0/170.jpg,image/jpeg,3128879
33413c0d8d317521d5cac48350bd0ea0,tzh,171.jpg,https://cdstar.shh.mpg.de/bitstreams/EAEA0-1384-2E3E-017B-0/171.jpg,image/jpeg,797555
397eb002bb64fe7026e10b0011c443da,tzh,172.jpg,https://cdstar.shh.mpg.de/bitstreams/EAEA0-4DB0-7F98-B371-0/172.jpg,image/jpeg,1905004
03dad6f1b832c137b40f5c4b84c3c95b,tzh,173.jpg,https://cdstar.shh.mpg.de/bitstreams/EAEA0-E629-EC6C-8D30-0/173.jpg,image/jpeg,1523527
4f17500194b395a324dd16b5423014c7,tzh,174.jpg,https://cdstar.shh.mpg.de/bitstreams/EAEA0-E4F3-2536-CCF0-0/174.jpg,image/jpeg,3403152
5ce5e33f871ce5152ec92c25f1da2714,tzh,175.jpg,https://cdstar.shh.mpg.de/bitstreams/EAEA0-5992-A916-1973-0/175.jpg,image/jpeg,3331675
0bb722f4adcefdc9c70a8b8dd6b8496f,tzh,176.jpg,https://cdstar.shh.mpg.de/bitstreams/EAEA0-F848-3E2B-B471-0/176.jpg,image/jpeg,779191
1a0cfdb3983735a31672ba7257f21c67,tzh,177.jpg,https://cdstar.shh.mpg.de/bitstreams/EAEA0-803C-2815-7E28-0/177.jpg,image/jpeg,3139276
45eae9b818329056b6beca82ef8a70cf,tzh,178.jpg,https://cdstar.shh.mpg.de/bitstreams/EAEA0-6380-CC62-3FB9-0/178.jpg,image/jpeg,7285680
ef1fb458b13db3a108922f55b0a41146,tzh,179.jpg,https://cdstar.shh.mpg.de/bitstreams/EAEA0-28F7-E904-9FFC-0/179.jpg,image/jpeg,1939624
18852e8863bc5b5fe382d9bcb40d5f57,tzh,18.JPG,https://cdstar.shh.mpg.de/bitstreams/EAEA0-F769-EE57-DF44-0/18.JPG,image/jpeg,284490
22ce4811b2abf312c68c8d6922472a46,tzh,180.jpg,https://cdstar.shh.mpg.de/bitstreams/EAEA0-DDAC-FFB3-549C-0/180.jpg,image/jpeg,2956180
d9ebe23d78b22928e8106d62b0c8257e,tzh,181.jpg,https://cdstar.shh.mpg.de/bitstreams/EAEA0-F690-6B4D-15C9-0/181.jpg,image/jpeg,510549
9535ea6ab85358b3e2f7b77b624de17a,tzh,182.jpg,https://cdstar.shh.mpg.de/bitstreams/EAEA0-42F8-8ADB-4351-0/182.jpg,image/jpeg,1304390
a32b7b52ed75b9868e4109cab4f5e5b7,tzh,183.jpg,https://cdstar.shh.mpg.de/bitstreams/EAEA0-02A0-3B4E-83B0-0/183.jpg,image/jpeg,640264
4524ff1c4a1b4e8db972306db6e4dc76,tzh,184.jpg,https://cdstar.shh.mpg.de/bitstreams/EAEA0-0478-B383-BD5E-0/184.jpg,image/jpeg,2419630
61ce4cecd54db12941ecd4c20d64b580,tzh,185.jpg,https://cdstar.shh.mpg.de/bitstreams/EAEA0-9BCA-0FF6-2877-0/185.jpg,image/jpeg,2688915
a40001b1d209d86fdd3a663f0c06de44,tzh,186.jpg,https://cdstar.shh.mpg.de/bitstreams/EAEA0-FFBB-5AC5-CE69-0/186.jpg,image/jpeg,3669306
517d5ac48d9b9823381bdf565dbe1390,tzh,187.jpg,https://cdstar.shh.mpg.de/bitstreams/EAEA0-A37E-A91B-499D-0/187.jpg,image/jpeg,386487
098584588f8ad20be9564a97d609d789,tzh,188.jpg,https://cdstar.shh.mpg.de/bitstreams/EAEA0-D53C-13BC-7DC8-0/188.jpg,image/jpeg,2384821
a9c7a2dcdeac14319adc3c8162341d17,tzh,189.jpg,https://cdstar.shh.mpg.de/bitstreams/EAEA0-1645-112E-DB50-0/189.jpg,image/jpeg,2417351
5b9da63d62291ee102b213a7989db827,tzh,19.JPG,https://cdstar.shh.mpg.de/bitstreams/EAEA0-E584-126D-F4ED-0/19.JPG,image/jpeg,125774
77cf40c2a6a17ea5a55907258c8700b8,tzh,190.jpg,https://cdstar.shh.mpg.de/bitstreams/EAEA0-878E-8DCF-3C01-0/190.jpg,image/jpeg,572833
8d342154a6fdec2af6250f87b1e8b3c2,tzh,191.jpg,https://cdstar.shh.mpg.de/bitstreams/EAEA0-6C58-F95F-F6B9-0/191.jpg,image/jpeg,1925449
9e32ef82630cc2fe32bb9e7258ae440c,tzh,192.jpg,https://cdstar.shh.mpg.de/bitstreams/EAEA0-1F86-6D9F-6C90-0/192.jpg,image/jpeg,5588422
9c9a1b1ab6b3431e2fe81b58d4b94e78,tzh,193.jpg,https://cdstar.shh.mpg.de/bitstreams/EAEA0-1C52-6B4F-F8A6-0/193.jpg,image/jpeg,1362535
6db8cfaf8e347be24417766e3f9e636c,tzh,194.jpg,https://cdstar.shh.mpg.de/bitstreams/EAEA0-9992-B409-8714-0/194.jpg,image/jpeg,3212231
cf300ef7d53d8526f7e6cbbe3a70949a,tzh,195.jpg,https://cdstar.shh.mpg.de/bitstreams/EAEA0-DE3A-60E6-03FD-0/195.jpg,image/jpeg,306762
875a07428a8602a112e72ccadae80af9,tzh,196.jpg,https://cdstar.shh.mpg.de/bitstreams/EAEA0-A53E-5BC8-62D9-0/196.jpg,image/jpeg,3163233
7645d731b51829f107039227002c5ca4,tzh,197.jpg,https://cdstar.shh.mpg.de/bitstreams/EAEA0-CA36-8C06-D6B3-0/197.jpg,image/jpeg,2895141
f04fc019ac549c7494fe0f6d94f66902,tzh,198.jpg,https://cdstar.shh.mpg.de/bitstreams/EAEA0-1E77-AB9E-5278-0/198.jpg,image/jpeg,797009
153b7898325efd3085127d74916dbfaa,tzh,199.jpg,https://cdstar.shh.mpg.de/bitstreams/EAEA0-1B08-567C-7C0E-0/199.jpg,image/jpeg,4403073
071acabcfab286a74c0a000871ba38d4,tzh,2.JPG,https://cdstar.shh.mpg.de/bitstreams/EAEA0-B151-B957-24CD-0/2.JPG,image/jpeg,447142
9581e0376126b473a636703beda5add1,tzh,20.JPG,https://cdstar.shh.mpg.de/bitstreams/EAEA0-B413-A379-5B43-0/20.JPG,image/jpeg,96993
a37af4637a793789067e53cfd6e26683,tzh,200.jpg,https://cdstar.shh.mpg.de/bitstreams/EAEA0-E674-3486-BED9-0/200.jpg,image/jpeg,3205632
9b45065960197a6b871924c64fe43236,tzh,201.jpg,https://cdstar.shh.mpg.de/bitstreams/EAEA0-51A0-D80D-0D24-0/201.jpg,image/jpeg,770258
63f199dc2808bc771a221d8a7487eae0,tzh,202.jpg,https://cdstar.shh.mpg.de/bitstreams/EAEA0-429D-16FA-8D55-0/202.jpg,image/jpeg,1350655
4bcd05720eec1eef1478dc98bee8fb9c,tzh,203.jpg,https://cdstar.shh.mpg.de/bitstreams/EAEA0-3F9F-66EE-A722-0/203.jpg,image/jpeg,6001473
d1dd511ea4c9aa554350b17f253b7eea,tzh,204.jpg,https://cdstar.shh.mpg.de/bitstreams/EAEA0-F017-9C82-21F7-0/204.jpg,image/jpeg,969811
2f339e7806cbb48e3dd629f83ba9fea2,tzh,205.jpg,https://cdstar.shh.mpg.de/bitstreams/EAEA0-9A6A-92FF-6FCB-0/205.jpg,image/jpeg,16598606
53d98304e6410b9be81fbdc28a7e6aa5,tzh,206.jpg,https://cdstar.shh.mpg.de/bitstreams/EAEA0-A11A-73C3-6056-0/206.jpg,image/jpeg,1762571
59b885e80467f83e792333cf11cf7ba5,tzh,207.jpg,https://cdstar.shh.mpg.de/bitstreams/EAEA0-B391-D762-B149-0/207.jpg,image/jpeg,3159675
39dc8a7dafbfba3ab20a42ab845d1716,tzh,208.jpg,https://cdstar.shh.mpg.de/bitstreams/EAEA0-9AFF-4EBD-E6E6-0/208.jpg,image/jpeg,1578916
75961f1757dfc4006c417aef0bd75c61,tzh,209.jpg,https://cdstar.shh.mpg.de/bitstreams/EAEA0-A144-89B6-C56E-0/209.jpg,image/jpeg,3111872
e14ba67accfcbcacae233ce8e1081c02,tzh,21.JPG,https://cdstar.shh.mpg.de/bitstreams/EAEA0-D56F-B0EA-6B42-0/21.JPG,image/jpeg,385419
cdc9261648cc18048cb4a065112435e5,tzh,210.jpg,https://cdstar.shh.mpg.de/bitstreams/EAEA0-387A-ADED-DC9E-0/210.jpg,image/jpeg,3283951
23b56d69d8c827fcf6b2242d4e2ad184,tzh,211.jpg,https://cdstar.shh.mpg.de/bitstreams/EAEA0-A8BF-6DE5-B755-0/211.jpg,image/jpeg,4270316
505e72354a09c52bcb612f74d2f4e313,tzh,212.jpg,https://cdstar.shh.mpg.de/bitstreams/EAEA0-4F0D-618C-CEFF-0/212.jpg,image/jpeg,7078538
ff2b38333efdc4b5b5128de4cc2e1fde,tzh,213.jpg,https://cdstar.shh.mpg.de/bitstreams/EAEA0-743B-C470-48D0-0/213.jpg,image/jpeg,4205003
ec0731967a447e4d2b6a617386b569ee,tzh,214.jpg,https://cdstar.shh.mpg.de/bitstreams/EAEA0-0495-D128-1106-0/214.jpg,image/jpeg,3163963
02f24ccc51df9dcacbd0b72f4976e2db,tzh,215.jpg,https://cdstar.shh.mpg.de/bitstreams/EAEA0-EBC7-A896-BEC8-0/215.jpg,image/jpeg,393719
7e7fb3a340dd44e750eabf65ac81e384,tzh,216.jpg,https://cdstar.shh.mpg.de/bitstreams/EAEA0-6C4A-54AB-EEB1-0/216.jpg,image/jpeg,8201472
51ce6a873b71f2e9abce2a060ee056d4,tzh,217.jpg,https://cdstar.shh.mpg.de/bitstreams/EAEA0-4B58-F59D-BB1C-0/217.jpg,image/jpeg,593766
ab94a3b02fbbc836850fb9cf33b94195,tzh,218.jpg,https://cdstar.shh.mpg.de/bitstreams/EAEA0-D125-E879-8721-0/218.jpg,image/jpeg,1031475
35016c5d5834700b56998076e4a5817a,tzh,219.jpg,https://cdstar.shh.mpg.de/bitstreams/EAEA0-1616-1238-3A35-0/219.jpg,image/jpeg,431541
7cfb89a8724a36a267c29ea1c22dd625,tzh,220.jpg,https://cdstar.shh.mpg.de/bitstreams/EAEA0-B12B-8530-8482-0/220.jpg,image/jpeg,80824
0858fa584b3213b94e46cb3d599ccd72,tzh,222.jpg,https://cdstar.shh.mpg.de/bitstreams/EAEA0-B236-E2BC-FC9F-0/222.jpg,image/jpeg,1220975
bfbab8e276190b6ca96183bb3ec0a1c3,tzh,223.jpg,https://cdstar.shh.mpg.de/bitstreams/EAEA0-538A-8B45-A5D7-0/223.jpg,image/jpeg,1119560
6fe27ee17474cb2b9786b9604e19a357,tzh,224.jpg,https://cdstar.shh.mpg.de/bitstreams/EAEA0-6EAE-EFEA-FF57-0/224.jpg,image/jpeg,3226405
220fad21cdc9e3ad5b94ef84275f99d0,tzh,225.jpg,https://cdstar.shh.mpg.de/bitstreams/EAEA0-D46E-2647-31C0-0/225.jpg,image/jpeg,1594196
57996eebe7de2e4c47edf9f07936dbb1,tzh,226.jpg,https://cdstar.shh.mpg.de/bitstreams/EAEA0-7B42-56E9-236F-0/226.jpg,image/jpeg,4753643
d155a06596b57b37c5625af26988a91b,tzh,227.jpg,https://cdstar.shh.mpg.de/bitstreams/EAEA0-1902-B6C7-680F-0/227.jpg,image/jpeg,3735055
f50afba705ecaa83764a416c77d652d1,tzh,228.jpg,https://cdstar.shh.mpg.de/bitstreams/EAEA0-6BAD-41BF-F4BF-0/228.jpg,image/jpeg,1394803
36d88ecf87c6c478a0c9edce7c4d8bf8,tzh,229.jpg,https://cdstar.shh.mpg.de/bitstreams/EAEA0-5F56-5A75-9AA0-0/229.jpg,image/jpeg,82081
10437083e7bb0c499eb1282d63bea90b,tzh,23.JPG,https://cdstar.shh.mpg.de/bitstreams/EAEA0-9F82-A1EF-3DC1-0/23.JPG,image/jpeg,312635
bef0c95d83cd78d41d626c311cbb9b31,tzh,230.jpg,https://cdstar.shh.mpg.de/bitstreams/EAEA0-F68B-5DB6-BEE9-0/230.jpg,image/jpeg,6028857
4676813c8a83172c9cce2aba394582fd,tzh,231.jpg,https://cdstar.shh.mpg.de/bitstreams/EAEA0-73AD-5D52-DE81-0/231.jpg,image/jpeg,2970217
4710f0e8489beb391c83e3df3eae8f98,tzh,232.JPG,https://cdstar.shh.mpg.de/bitstreams/EAEA0-C47E-D003-20E9-0/232.JPG,image/jpeg,1571426
31cd8e80cdbda3d5e848c631f8734755,tzh,233.jpg,https://cdstar.shh.mpg.de/bitstreams/EAEA0-7D43-B248-4391-0/233.jpg,image/jpeg,1746149
d5255446da436c38dcfede61a6a0f13b,tzh,234.jpg,https://cdstar.shh.mpg.de/bitstreams/EAEA0-6E26-D2DA-88CB-0/234.jpg,image/jpeg,935205
dc9d77a206cd69c06611d948db52c3c8,tzh,235.jpg,https://cdstar.shh.mpg.de/bitstreams/EAEA0-095A-F4A1-3D34-0/235.jpg,image/jpeg,2843663
0649cd2ed95025a528e1bdc7bf90d032,tzh,236.jpg,https://cdstar.shh.mpg.de/bitstreams/EAEA0-3026-4ABE-3C74-0/236.jpg,image/jpeg,1275138
78504ac075ebb70dba91521c67e6c6fb,tzh,237.jpg,https://cdstar.shh.mpg.de/bitstreams/EAEA0-83BC-FEF2-A220-0/237.jpg,image/jpeg,3647130
d7ee3c7c482cf120d31fc57d62ff3ddf,tzh,238.jpg,https://cdstar.shh.mpg.de/bitstreams/EAEA0-D020-FA68-17E0-0/238.jpg,image/jpeg,4070885
bdc295673a2598355e5580e71a60354f,tzh,239.jpg,https://cdstar.shh.mpg.de/bitstreams/EAEA0-3B2C-BE53-9B18-0/239.jpg,image/jpeg,759186
8bfa34564720c0c63ac30c784a438423,tzh,240.jpg,https://cdstar.shh.mpg.de/bitstreams/EAEA0-3B2C-2C0A-F1E2-0/240.jpg,image/jpeg,2348618
d0befda814bec76d4f65f36561bd7600,tzh,241.JPG,https://cdstar.shh.mpg.de/bitstreams/EAEA0-448A-015A-1E47-0/241.JPG,image/jpeg,1505940
9bc4144b217d5af86edfeea6c1ef8961,tzh,242.jpg,https://cdstar.shh.mpg.de/bitstreams/EAEA0-AB8D-EADD-7E14-0/242.jpg,image/jpeg,3329132
8f687cb2afeb842f43ad17c5d8da8a27,tzh,243.jpg,https://cdstar.shh.mpg.de/bitstreams/EAEA0-F404-2F17-E604-0/243.jpg,image/jpeg,387121
6a5e915d7661feab91175955d63e2ee9,tzh,244.jpg,https://cdstar.shh.mpg.de/bitstreams/EAEA0-6E8B-6332-1BEE-0/244.jpg,image/jpeg,4508485
26803d42b64141694fd6f8df79ea5088,tzh,245.jpg,https://cdstar.shh.mpg.de/bitstreams/EAEA0-6CF6-CDFA-9CC2-0/245.jpg,image/jpeg,3211654
33757b9877a5e07eb69a7dc2e0977a84,tzh,246.jpg,https://cdstar.shh.mpg.de/bitstreams/EAEA0-AAF3-A7FD-A3FF-0/246.jpg,image/jpeg,6496174
92ec96b94aa6a20c19d8ab080d86be13,tzh,247.jpg,https://cdstar.shh.mpg.de/bitstreams/EAEA0-A775-2BB3-D5D5-0/247.jpg,image/jpeg,481672
7bc568ca6020b9b2752d4591d04f835a,tzh,248.jpg,https://cdstar.shh.mpg.de/bitstreams/EAEA0-3BE5-EAEE-1A9B-0/248.jpg,image/jpeg,2317902
85a5107538563aa3fcf0db4940d5d759,tzh,249.jpg,https://cdstar.shh.mpg.de/bitstreams/EAEA0-B920-F024-8286-0/249.jpg,image/jpeg,3790763
abe34c1b4c801083231022ea7ad04c89,tzh,25.JPG,https://cdstar.shh.mpg.de/bitstreams/EAEA0-9EDA-598F-EDC8-0/25.JPG,image/jpeg,142089
56f838343d7da25f9caa3532d190f77b,tzh,250.jpg,https://cdstar.shh.mpg.de/bitstreams/EAEA0-62EB-D127-F96B-0/250.jpg,image/jpeg,1201534
15c483daa65ad013aca787fd8f00a307,tzh,251.jpg,https://cdstar.shh.mpg.de/bitstreams/EAEA0-75BC-0D91-5F8B-0/251.jpg,image/jpeg,181954
35df13e63e880acacf47bf9593611137,tzh,252.jpg,https://cdstar.shh.mpg.de/bitstreams/EAEA0-20CA-82E2-EB4D-0/252.jpg,image/jpeg,163283
0e4fb871757247d0c8614f520cf4d203,tzh,253.jpg,https://cdstar.shh.mpg.de/bitstreams/EAEA0-3867-9A50-AEE1-0/253.jpg,image/jpeg,1409390
713a435c9ec428686e30c6819954fcbd,tzh,254.jpg,https://cdstar.shh.mpg.de/bitstreams/EAEA0-80F3-671C-BBCA-0/254.jpg,image/jpeg,1544796
a208fe94538e2d83250eb6ee7653a53b,tzh,255.jpg,https://cdstar.shh.mpg.de/bitstreams/EAEA0-AEAD-9ABF-A1FF-0/255.jpg,image/jpeg,2096212
c8791b11642421ce94739fc78e1ab481,tzh,256.JPG,https://cdstar.shh.mpg.de/bitstreams/EAEA0-C160-B501-E2D4-0/256.JPG,image/jpeg,890149
34aeab3457e690051d4ccb50166d3f70,tzh,257.jpg,https://cdstar.shh.mpg.de/bitstreams/EAEA0-E30A-08D8-E83C-0/257.jpg,image/jpeg,2535285
82273a0f43fc7cccc6f0948a0bec43f0,tzh,258.jpg,https://cdstar.shh.mpg.de/bitstreams/EAEA0-4C02-0E72-2402-0/258.jpg,image/jpeg,4323321
e746d988014b8b3a2171f6717f20ed5d,tzh,259.JPG,https://cdstar.shh.mpg.de/bitstreams/EAEA0-406C-2A80-A206-0/259.JPG,image/jpeg,1282425
5c36fb5382a53bbdb7481b6a6d8f58a4,tzh,26.JPG,https://cdstar.shh.mpg.de/bitstreams/EAEA0-6E39-BC68-2A36-0/26.JPG,image/jpeg,336465
557073782eccb5cdd60f27d1835a273a,tzh,260.jpg,https://cdstar.shh.mpg.de/bitstreams/EAEA0-6DE5-F97B-E087-0/260.jpg,image/jpeg,1796810
5878ab9f0ea1aece0d919d65f49e4fb5,tzh,261.jpg,https://cdstar.shh.mpg.de/bitstreams/EAEA0-FBF0-81AD-A0EB-0/261.jpg,image/jpeg,732120
93183f67c4c38c62002a5f3616b1934a,tzh,262.jpg,https://cdstar.shh.mpg.de/bitstreams/EAEA0-99E6-5812-469F-0/262.jpg,image/jpeg,1302983
63a953d5d170e05f12340ed00a361365,tzh,263.jpg,https://cdstar.shh.mpg.de/bitstreams/EAEA0-91E4-8AED-C732-0/263.jpg,image/jpeg,577894
674b41a3653bfb3869ebda6ec3917bc3,tzh,264.jpg,https://cdstar.shh.mpg.de/bitstreams/EAEA0-02EA-887B-10B6-0/264.jpg,image/jpeg,2565188
7f4962dc69cd21bc81b3991fa8bfc098,tzh,265.jpg,https://cdstar.shh.mpg.de/bitstreams/EAEA0-6CAD-FACF-5E6E-0/265.jpg,image/jpeg,2994200
a59834fec2e9411fdeda699d542c3b5f,tzh,266.jpg,https://cdstar.shh.mpg.de/bitstreams/EAEA0-058E-7EAF-C361-0/266.jpg,image/jpeg,1439472
bd8120385b4845de39a11a1174b218ed,tzh,267.jpg,https://cdstar.shh.mpg.de/bitstreams/EAEA0-A469-1492-F111-0/267.jpg,image/jpeg,156252
9f425c221ef185b9cbbdab4822370026,tzh,268.jpg,https://cdstar.shh.mpg.de/bitstreams/EAEA0-37FE-34FD-FF19-0/268.jpg,image/jpeg,794006
05c81a7a838b40f305302ccf8a8a2464,tzh,269.jpg,https://cdstar.shh.mpg.de/bitstreams/EAEA0-0717-9B4F-A053-0/269.jpg,image/jpeg,4323510
0c9d83998017926f94f7fed6698089e3,tzh,27.JPG,https://cdstar.shh.mpg.de/bitstreams/EAEA0-234A-2CFB-4779-0/27.JPG,image/jpeg,402354
a538ea61ffd6ef365625d2ed738691c8,tzh,270.jpg,https://cdstar.shh.mpg.de/bitstreams/EAEA0-2F11-A04D-5C7D-0/270.jpg,image/jpeg,5845855
9d641fc1dcf53d5ff22a82d442c69182,tzh,271.jpg,https://cdstar.shh.mpg.de/bitstreams/EAEA0-3CFE-6C26-4680-0/271.jpg,image/jpeg,1339058
024203d2c9b4fb946e4936be0c937cde,tzh,272.jpg,https://cdstar.shh.mpg.de/bitstreams/EAEA0-54DF-29C7-5F1B-0/272.jpg,image/jpeg,844528
1ee9494255487edb0e4d79c878e24a42,tzh,273.jpg,https://cdstar.shh.mpg.de/bitstreams/EAEA0-3433-0725-B77D-0/273.jpg,image/jpeg,1278574
a105edcc5030a3b46628b920e9194a41,tzh,274.jpg,https://cdstar.shh.mpg.de/bitstreams/EAEA0-04CB-E352-8F36-0/274.jpg,image/jpeg,890534
1974f0d2ddc798bf64b91aa4486f84b7,tzh,275.jpg,https://cdstar.shh.mpg.de/bitstreams/EAEA0-E987-804D-71B9-0/275.jpg,image/jpeg,1188146
e8b5767fd7400ea3a5fe91b26ef2db1d,tzh,276.jpg,https://cdstar.shh.mpg.de/bitstreams/EAEA0-63D8-3803-2E65-0/276.jpg,image/jpeg,1275841
f79278c1f61cadc839e59bec5fc107e1,tzh,277.jpg,https://cdstar.shh.mpg.de/bitstreams/EAEA0-C4F1-127D-1E03-0/277.jpg,image/jpeg,2044254
04db8236d2bb9f9ff8b5a7ceacf40005,tzh,278.jpg,https://cdstar.shh.mpg.de/bitstreams/EAEA0-4C79-9B9D-CCDE-0/278.jpg,image/jpeg,913541
d590d086354576a641adcab7cee4b594,tzh,279.jpg,https://cdstar.shh.mpg.de/bitstreams/EAEA0-D68F-4D3F-5831-0/279.jpg,image/jpeg,1065047
d980522e97dafd0f94ae0be73997f8ff,tzh,28.JPG,https://cdstar.shh.mpg.de/bitstreams/EAEA0-3CAA-033B-2CCD-0/28.JPG,image/jpeg,323362
640238aa6e82b6e0b0579fd4b7f0632d,tzh,280.jpg,https://cdstar.shh.mpg.de/bitstreams/EAEA0-EE6C-2F28-79BC-0/280.jpg,image/jpeg,1215477
76d4b24021c8924699e8d69986362e3a,tzh,281.JPG,https://cdstar.shh.mpg.de/bitstreams/EAEA0-49F5-10F9-3BDA-0/281.JPG,image/jpeg,714661
84d6f19714555fd00cde68505a34d0db,tzh,282.JPG,https://cdstar.shh.mpg.de/bitstreams/EAEA0-9C94-A984-E590-0/282.JPG,image/jpeg,1033821
b2e4a32b62b6f72befbc9ba5a491a2b3,tzh,283.JPG,https://cdstar.shh.mpg.de/bitstreams/EAEA0-35AE-04CB-B6BD-0/283.JPG,image/jpeg,553288
51dd9443dc1550c5b38207e2db31f802,tzh,284.JPG,https://cdstar.shh.mpg.de/bitstreams/EAEA0-A8A1-08E8-CD65-0/284.JPG,image/jpeg,771695
5dfa2a2c7240786deca662977a5c943d,tzh,285.jpg,https://cdstar.shh.mpg.de/bitstreams/EAEA0-58CA-8052-20A3-0/285.jpg,image/jpeg,1286825
cf97dc075d4b52cd292a149c749a2a87,tzh,286.jpg,https://cdstar.shh.mpg.de/bitstreams/EAEA0-37EE-4E37-AE83-0/286.jpg,image/jpeg,626782
95946db90e9602c9adc494ea1b3b1700,tzh,287.jpg,https://cdstar.shh.mpg.de/bitstreams/EAEA0-FE36-EB06-E173-0/287.jpg,image/jpeg,1019807
a040f7ac5c0b77e86f21123a9cb60a20,tzh,288.jpg,https://cdstar.shh.mpg.de/bitstreams/EAEA0-AE51-A9D6-F25D-0/288.jpg,image/jpeg,962957
98bed7352336eb689982cc6882dc2610,tzh,289.jpg,https://cdstar.shh.mpg.de/bitstreams/EAEA0-9B24-B003-71E6-0/289.jpg,image/jpeg,881682
83437551edc81ab5a54532e82215521f,tzh,29.JPG,https://cdstar.shh.mpg.de/bitstreams/EAEA0-6452-5440-A55F-0/29.JPG,image/jpeg,4100116
6e7cbaf3dbb2ad82c382f25cb7a2d4af,tzh,290.jpg,https://cdstar.shh.mpg.de/bitstreams/EAEA0-FAF1-DE57-4108-0/290.jpg,image/jpeg,962560
4c1a212e2df405d095dc9136c3b607eb,tzh,291.jpg,https://cdstar.shh.mpg.de/bitstreams/EAEA0-C33E-59BA-5E6D-0/291.jpg,image/jpeg,1040245
2aeb56171cfac564669ddb7e8b2524fe,tzh,292.JPG,https://cdstar.shh.mpg.de/bitstreams/EAEA0-5A0F-6B0F-9046-0/292.JPG,image/jpeg,444227
ce98bd225ba29a0985db8bd9b27d8b91,tzh,293.jpg,https://cdstar.shh.mpg.de/bitstreams/EAEA0-4563-A009-6B72-0/293.jpg,image/jpeg,838805
6887e9445fcce549be281e4506378cc7,tzh,294.JPG,https://cdstar.shh.mpg.de/bitstreams/EAEA0-BDAC-CF82-6A2D-0/294.JPG,image/jpeg,702312
e8d9bcadf25924ff8aa440a51f7f7806,tzh,295.JPG,https://cdstar.shh.mpg.de/bitstreams/EAEA0-49DA-376A-F83A-0/295.JPG,image/jpeg,3933670
81ed9d7d19f1eccc4989379d9222eb55,tzh,296.JPG,https://cdstar.shh.mpg.de/bitstreams/EAEA0-499A-23D5-7C03-0/296.JPG,image/jpeg,2599236
321a15eb43866bad73f66c7c5b9f49c5,tzh,297.JPG,https://cdstar.shh.mpg.de/bitstreams/EAEA0-1A5D-E15B-41F1-0/297.JPG,image/jpeg,2071572
1fee1340f2345027dafd1d45be57f35c,tzh,298.jpg,https://cdstar.shh.mpg.de/bitstreams/EAEA0-C891-E036-2963-0/298.jpg,image/jpeg,5947208
978d23dd34190d51df93fa15ee5aafb6,tzh,299.JPG,https://cdstar.shh.mpg.de/bitstreams/EAEA0-4330-DE68-99C1-0/299.JPG,image/jpeg,3666709
7a91168206d86999ac49b22e4e976eb1,tzh,3.JPG,https://cdstar.shh.mpg.de/bitstreams/EAEA0-F58A-15B6-5B1D-0/3.JPG,image/jpeg,480927
0b443109cfd91f2f6d2c1e0939ffcc40,tzh,30.JPG,https://cdstar.shh.mpg.de/bitstreams/EAEA0-8EF8-876F-F36D-0/30.JPG,image/jpeg,143700
89a820f62d34309bb218cc4c8be818d2,tzh,300.jpg,https://cdstar.shh.mpg.de/bitstreams/EAEA0-2BBD-62C5-73AB-0/300.jpg,image/jpeg,1068219
ebb019c6434bbea1a3a26d15fadfa44d,tzh,301.jpg,https://cdstar.shh.mpg.de/bitstreams/EAEA0-AF5A-3CAB-5BA1-0/301.jpg,image/jpeg,1480210
482b8f55c5139f2567a9b6b9967a4366,tzh,302.jpg,https://cdstar.shh.mpg.de/bitstreams/EAEA0-A6D3-0625-C345-0/302.jpg,image/jpeg,3082232
96fd134489973438e7f2b99a628157f3,tzh,303.jpg,https://cdstar.shh.mpg.de/bitstreams/EAEA0-4323-5799-703B-0/303.jpg,image/jpeg,1990467
a393d8027a153edb11fe29da6b01b8fb,tzh,304.jpg,https://cdstar.shh.mpg.de/bitstreams/EAEA0-DBC8-A5E1-E320-0/304.jpg,image/jpeg,5572937
1c82e13c853cdf755fe05762a20e9967,tzh,305.JPG,https://cdstar.shh.mpg.de/bitstreams/EAEA0-FA7C-14C7-8383-0/305.JPG,image/jpeg,1300154
09d75d5094f8ed998ea6aa516e53cfa0,tzh,306.jpg,https://cdstar.shh.mpg.de/bitstreams/EAEA0-618B-42AB-E340-0/306.jpg,image/jpeg,1202154
00a6683d4def20d586f84da6d31c4a68,tzh,308.jpg,https://cdstar.shh.mpg.de/bitstreams/EAEA0-CC56-A3E7-AF0C-0/308.jpg,image/jpeg,3481862
a50ddde1106d214602c4191739de6e02,tzh,309.jpg,https://cdstar.shh.mpg.de/bitstreams/EAEA0-CE97-5FEF-85E2-0/309.jpg,image/jpeg,5400504
ee04b53b41b2209f51bf32ea99a78b19,tzh,31.JPG,https://cdstar.shh.mpg.de/bitstreams/EAEA0-CB3A-AC8E-5D5B-0/31.JPG,image/jpeg,371464
3efeb56658ae2c024e37046c6f703537,tzh,310.jpg,https://cdstar.shh.mpg.de/bitstreams/EAEA0-092D-6014-61EC-0/310.jpg,image/jpeg,2618354
ef8bcc852dd189f27845a6b197174e7a,tzh,311.jpg,https://cdstar.shh.mpg.de/bitstreams/EAEA0-90BB-9B5E-8A82-0/311.jpg,image/jpeg,220734
8792b0ba83bcc070696ffcc6c1a1a335,tzh,312.jpg,https://cdstar.shh.mpg.de/bitstreams/EAEA0-6E08-CA58-083D-0/312.jpg,image/jpeg,351883
6dc6bdb2024b89f8a4b5febb4edd3081,tzh,313.jpg,https://cdstar.shh.mpg.de/bitstreams/EAEA0-2FD4-AF05-1011-0/313.jpg,image/jpeg,1846174
35ca770de74dc4b3070761e2bcc93186,tzh,314.jpg,https://cdstar.shh.mpg.de/bitstreams/EAEA0-F18C-E6FD-E75A-0/314.jpg,image/jpeg,1021726
2384e629d8e0693cbf0663d64462de70,tzh,315.jpg,https://cdstar.shh.mpg.de/bitstreams/EAEA0-2671-63F7-E423-0/315.jpg,image/jpeg,942885
88b07e5ec4a7c5ba689dc249d6d1461b,tzh,316.jpg,https://cdstar.shh.mpg.de/bitstreams/EAEA0-15B1-8410-625F-0/316.jpg,image/jpeg,5300906
045702d1fe101ff28084c9e9a9250228,tzh,317.jpg,https://cdstar.shh.mpg.de/bitstreams/EAEA0-D0B8-EF16-6643-0/317.jpg,image/jpeg,569392
77c2991543597d4c630f93e26c886330,tzh,318.jpg,https://cdstar.shh.mpg.de/bitstreams/EAEA0-53AA-7EFE-9196-0/318.jpg,image/jpeg,2998799
a0f55ddad232ae7dde431757035e6343,tzh,319.jpg,https://cdstar.shh.mpg.de/bitstreams/EAEA0-1689-5E64-897B-0/319.jpg,image/jpeg,445648
f0293370d90cfd75a52047ad00cbbe35,tzh,32.JPG,https://cdstar.shh.mpg.de/bitstreams/EAEA0-4A75-9245-5A45-0/32.JPG,image/jpeg,759967
928f3d3b7ff77417df2858ef69d65cf0,tzh,320.jpg,https://cdstar.shh.mpg.de/bitstreams/EAEA0-54B8-7AAC-723A-0/320.jpg,image/jpeg,1551100
b65bb689509c665db8cf4c21dc80aafe,tzh,321.jpg,https://cdstar.shh.mpg.de/bitstreams/EAEA0-0890-7A9C-26A0-0/321.jpg,image/jpeg,929778
6c70727d1718dbe2f4e4f2b5378ad1ec,tzh,322.jpg,https://cdstar.shh.mpg.de/bitstreams/EAEA0-828F-32FF-0734-0/322.jpg,image/jpeg,423667
36b4526c5b694ae01ad528185b86e64e,tzh,323.JPG,https://cdstar.shh.mpg.de/bitstreams/EAEA0-74FC-56B6-6DA8-0/323.JPG,image/jpeg,4611213
6201cd8c65774b80fae0ca28b633c163,tzh,324.JPG,https://cdstar.shh.mpg.de/bitstreams/EAEA0-A7E5-69B8-F2BD-0/324.JPG,image/jpeg,4411905
7afbaaecce9292a1a8f1752ed8e1842d,tzh,33.JPG,https://cdstar.shh.mpg.de/bitstreams/EAEA0-0724-DA3C-2E39-0/33.JPG,image/jpeg,244221
b2270ff2d982419f56a08730c239ea6f,tzh,34.JPG,https://cdstar.shh.mpg.de/bitstreams/EAEA0-685F-A371-4289-0/34.JPG,image/jpeg,303348
c0279a499041995f2eceb2477c2ff47d,tzh,35.JPG,https://cdstar.shh.mpg.de/bitstreams/EAEA0-875C-2D40-57C6-0/35.JPG,image/jpeg,409764
ff8e8c349cb4b6d299dc1d51c2c195d1,tzh,36.JPG,https://cdstar.shh.mpg.de/bitstreams/EAEA0-D377-ABE7-A495-0/36.JPG,image/jpeg,417454
5fd08547ac1a032d6852612cf53e472e,tzh,37.JPG,https://cdstar.shh.mpg.de/bitstreams/EAEA0-EE14-C666-6DC8-0/37.JPG,image/jpeg,201416
cb92c1bd494430c2ab3946d794cc7394,tzh,38.JPG,https://cdstar.shh.mpg.de/bitstreams/EAEA0-42B9-B0FD-83B7-0/38.JPG,image/jpeg,598559
55ae4705adde3cd74f0c9386e2ea0e85,tzh,39.JPG,https://cdstar.shh.mpg.de/bitstreams/EAEA0-068A-848E-2EF5-0/39.JPG,image/jpeg,3830003
7aef8bc5fee470727831244d577d0c20,tzh,4.JPG,https://cdstar.shh.mpg.de/bitstreams/EAEA0-61FC-2CFC-1B02-0/4.JPG,image/jpeg,792228
9d7cde23669ad00c91fef56e45d6135f,tzh,40.JPG,https://cdstar.shh.mpg.de/bitstreams/EAEA0-F77C-3E0A-B466-0/40.JPG,image/jpeg,548714
6610bf0bf7fbab977c9f853b001cf300,tzh,41.JPG,https://cdstar.shh.mpg.de/bitstreams/EAEA0-6944-A457-D7F9-0/41.JPG,image/jpeg,3905909
c00a8c296f322005ea075917637fd196,tzh,42.JPG,https://cdstar.shh.mpg.de/bitstreams/EAEA0-008B-2465-D2CA-0/42.JPG,image/jpeg,246858
c8cfd39d505712f94eb77846304004b8,tzh,43.JPG,https://cdstar.shh.mpg.de/bitstreams/EAEA0-473D-CC5B-27DD-0/43.JPG,image/jpeg,213711
42586da326cc5155780db617a754de58,tzh,44.JPG,https://cdstar.shh.mpg.de/bitstreams/EAEA0-EF69-CCD6-D118-0/44.JPG,image/jpeg,568357
1c2b59cb36a03152331cb391447d795e,tzh,45.JPG,https://cdstar.shh.mpg.de/bitstreams/EAEA0-830A-1167-9C0F-0/45.JPG,image/jpeg,443961
d1625943fc0424c47331f6fd3193feb6,tzh,46.JPG,https://cdstar.shh.mpg.de/bitstreams/EAEA0-6A1A-B4EE-98ED-0/46.JPG,image/jpeg,347449
dba4c0921bace4ce2507c6616a7028a8,tzh,47.JPG,https://cdstar.shh.mpg.de/bitstreams/EAEA0-8459-CC6D-1624-0/47.JPG,image/jpeg,698848
111934b103d7d4be18e9ffb61e159d16,tzh,48.JPG,https://cdstar.shh.mpg.de/bitstreams/EAEA0-0C31-065F-57C1-0/48.JPG,image/jpeg,2441228
9b33934adf2acdbe5b332479db2449e7,tzh,49.JPG,https://cdstar.shh.mpg.de/bitstreams/EAEA0-1C39-CAFC-3FC9-0/49.JPG,image/jpeg,378477
5d1a9da38c8d0cd4b691ff8bf24c0dd4,tzh,5.JPG,https://cdstar.shh.mpg.de/bitstreams/EAEA0-61AD-90F8-80C1-0/5.JPG,image/jpeg,526086
fd040a312425265f69a871afca93b531,tzh,51.JPG,https://cdstar.shh.mpg.de/bitstreams/EAEA0-DE51-F9BC-70AE-0/51.JPG,image/jpeg,3576313
1b814e508a412017d2985372dbe01f1d,tzh,52.JPG,https://cdstar.shh.mpg.de/bitstreams/EAEA0-3287-9B5F-8B89-0/52.JPG,image/jpeg,152179
45c701dfe05ce7f1b862d891f947c760,tzh,53.JPG,https://cdstar.shh.mpg.de/bitstreams/EAEA0-6B2B-FCF9-4782-0/53.JPG,image/jpeg,170903
2829b1d421d6f0d59e3b8a43ab2f9052,tzh,54.JPG,https://cdstar.shh.mpg.de/bitstreams/EAEA0-9ABE-FC20-50C0-0/54.JPG,image/jpeg,399319
d6ceaed7755dd34d023de6f954916649,tzh,55.JPG,https://cdstar.shh.mpg.de/bitstreams/EAEA0-40A4-0451-756A-0/55.JPG,image/jpeg,197452
be6fe3215e176bfd500cf8768010269b,tzh,56.JPG,https://cdstar.shh.mpg.de/bitstreams/EAEA0-63FE-D7DE-3CEB-0/56.JPG,image/jpeg,468568
b1a884ca44f3cb9ed858c087a550cc6b,tzh,57.JPG,https://cdstar.shh.mpg.de/bitstreams/EAEA0-47CD-FE35-997E-0/57.JPG,image/jpeg,502342
04ba4e7e8fff4c70efe978c34f01094b,tzh,58.JPG,https://cdstar.shh.mpg.de/bitstreams/EAEA0-1E31-1360-299D-0/58.JPG,image/jpeg,3228282
555cb6e6c8595d7751b02d1d05b21a84,tzh,59.JPG,https://cdstar.shh.mpg.de/bitstreams/EAEA0-FD97-51D1-A1E6-0/59.JPG,image/jpeg,278352
a305fc8f670ae2ef9c188732c8b797c5,tzh,6.JPG,https://cdstar.shh.mpg.de/bitstreams/EAEA0-A053-7CBB-F753-0/6.JPG,image/jpeg,1401054
f22282225fe1f9064b1e0db736b584c8,tzh,60.JPG,https://cdstar.shh.mpg.de/bitstreams/EAEA0-A673-B4BD-CA85-0/60.JPG,image/jpeg,1047467
b46c92f8c68d14f002c7ac5eb448df6e,tzh,61.JPG,https://cdstar.shh.mpg.de/bitstreams/EAEA0-2D52-882E-F3CB-0/61.JPG,image/jpeg,3179830
b274776fe885815db84a0f471b446ba8,tzh,62.JPG,https://cdstar.shh.mpg.de/bitstreams/EAEA0-56AA-722D-91DF-0/62.JPG,image/jpeg,893762
73c67b31dc9f8e68af17b6653a2833f9,tzh,63.JPG,https://cdstar.shh.mpg.de/bitstreams/EAEA0-AC61-B965-C8EF-0/63.JPG,image/jpeg,377163
22561bfe478f7d7320455d7aaa8014a4,tzh,64.JPG,https://cdstar.shh.mpg.de/bitstreams/EAEA0-8503-F190-20C9-0/64.JPG,image/jpeg,453107
e3e1e50d629306678de5f4be51613e2f,tzh,65.JPG,https://cdstar.shh.mpg.de/bitstreams/EAEA0-A326-3E61-A240-0/65.JPG,image/jpeg,131412
5904f6eab64c41a3e3cb3594bb125f37,tzh,66.JPG,https://cdstar.shh.mpg.de/bitstreams/EAEA0-9AD0-FFE2-627E-0/66.JPG,image/jpeg,381550
160f5ef0d27162631300ff19716ef687,tzh,67.JPG,https://cdstar.shh.mpg.de/bitstreams/EAEA0-6315-2AB8-F4E3-0/67.JPG,image/jpeg,498982
b50161d373a9b0f0a195443d1d8fe229,tzh,68.JPG,https://cdstar.shh.mpg.de/bitstreams/EAEA0-81F8-FBFC-5BC7-0/68.JPG,image/jpeg,3629582
03a62170793e5fbcb1e2cab5541bdd92,tzh,69.JPG,https://cdstar.shh.mpg.de/bitstreams/EAEA0-60B7-C31F-C991-0/69.JPG,image/jpeg,3822391
709d9b8b53df04dcb807a4c58a768464,tzh,7.JPG,https://cdstar.shh.mpg.de/bitstreams/EAEA0-5C6C-B73E-C927-0/7.JPG,image/jpeg,154155
5ac8a3fe2f17e1fecf0324740bd8a1ae,tzh,70.JPG,https://cdstar.shh.mpg.de/bitstreams/EAEA0-148A-2D62-44F2-0/70.JPG,image/jpeg,7204367
1bf1fa361508a9184e6be7515ff49dfb,tzh,71.JPG,https://cdstar.shh.mpg.de/bitstreams/EAEA0-06F9-CFCF-E59C-0/71.JPG,image/jpeg,149519
002dd045e9f7f3f8877d354c89def2cb,tzh,72.JPG,https://cdstar.shh.mpg.de/bitstreams/EAEA0-F750-DE25-02F4-0/72.JPG,image/jpeg,490212
31d94fbfe831f3a61344783409d2a963,tzh,73.JPG,https://cdstar.shh.mpg.de/bitstreams/EAEA0-8167-25BC-74E9-0/73.JPG,image/jpeg,2562756
9f5a6c0a85b63c375c17f1b379dd93c8,tzh,74.JPG,https://cdstar.shh.mpg.de/bitstreams/EAEA0-A527-A520-44F8-0/74.JPG,image/jpeg,297549
c2e3dfd99bb95c782722c3e30b6e9d34,tzh,75.JPG,https://cdstar.shh.mpg.de/bitstreams/EAEA0-A075-C12E-CE8B-0/75.JPG,image/jpeg,746934
c8f79520ddb036044b037b3f079b4ced,tzh,76.JPG,https://cdstar.shh.mpg.de/bitstreams/EAEA0-8500-FB52-44E2-0/76.JPG,image/jpeg,698184
1239599fcded61092d9bdf62f1ec7ef3,tzh,77.JPG,https://cdstar.shh.mpg.de/bitstreams/EAEA0-54D5-793E-4712-0/77.JPG,image/jpeg,144643
4a02f63b2cbd68661da68f1ed45ab3bc,tzh,78.JPG,https://cdstar.shh.mpg.de/bitstreams/EAEA0-1A46-FBBC-84D9-0/78.JPG,image/jpeg,343241
1b28286cec6c494af3130de78b057221,tzh,79.JPG,https://cdstar.shh.mpg.de/bitstreams/EAEA0-6E07-DD42-6938-0/79.JPG,image/jpeg,354475
8ae9c76960d434b36bc8be1e5de08fb0,tzh,8.JPG,https://cdstar.shh.mpg.de/bitstreams/EAEA0-4212-502A-9CAC-0/8.JPG,image/jpeg,331820
f3ea7cb45dc88c7b3ef6322f1c3b6d73,tzh,80.JPG,https://cdstar.shh.mpg.de/bitstreams/EAEA0-2ABB-E7D9-2A0A-0/80.JPG,image/jpeg,308670
dbf0a962c2408d558b938311f52daa31,tzh,81.JPG,https://cdstar.shh.mpg.de/bitstreams/EAEA0-E099-5EBB-BB47-0/81.JPG,image/jpeg,620592
5937a280983c5d0946a3e9ce8cf2b559,tzh,82.JPG,https://cdstar.shh.mpg.de/bitstreams/EAEA0-D8D3-AEA7-80ED-0/82.JPG,image/jpeg,3468335
cd3bd2bf192758b23f5707cdd987098d,tzh,83.JPG,https://cdstar.shh.mpg.de/bitstreams/EAEA0-E064-EEE6-A979-0/83.JPG,image/jpeg,3729444
deb0457a647d090d5495b8b7d7d96240,tzh,84.JPG,https://cdstar.shh.mpg.de/bitstreams/EAEA0-0D90-0712-828E-0/84.JPG,image/jpeg,491192
1142a65b746d6234846451a531770cbb,tzh,85.JPG,https://cdstar.shh.mpg.de/bitstreams/EAEA0-C76E-AFB7-8062-0/85.JPG,image/jpeg,1247647
44820123361bca55a952c8da8466d197,tzh,86.JPG,https://cdstar.shh.mpg.de/bitstreams/EAEA0-677D-35F6-FA82-0/86.JPG,image/jpeg,4143877
b1c90e69e6a8246cac348742ec58166e,tzh,87.JPG,https://cdstar.shh.mpg.de/bitstreams/EAEA0-A4C0-09DD-6D47-0/87.JPG,image/jpeg,3582782
ee9d5e574e89ded5edb390b93e181859,tzh,88.JPG,https://cdstar.shh.mpg.de/bitstreams/EAEA0-AEAF-9A0F-1D03-0/88.JPG,image/jpeg,449109
c69f4396a3accb21be74d86574ce1bdd,tzh,89.JPG,https://cdstar.shh.mpg.de/bitstreams/EAEA0-8700-471B-AE73-0/89.JPG,image/jpeg,4002953
0a6d908a14700dd947a7ce18312fba95,tzh,9.JPG,https://cdstar.shh.mpg.de/bitstreams/EAEA0-9CF6-DBB8-B8B2-0/9.JPG,image/jpeg,433847
6116ed93953bd41ade7e609b1b5a2ac1,tzh,90.JPG,https://cdstar.shh.mpg.de/bitstreams/EAEA0-0062-1BE5-F215-0/90.JPG,image/jpeg,3593856
21b4160af224bd8ec23d3bcb31b96b3a,tzh,91.JPG,https://cdstar.shh.mpg.de/bitstreams/EAEA0-E1F5-E976-F06C-0/91.JPG,image/jpeg,2269365
c3144f60b5fcb9f23f9d5b67e5780bb4,tzh,92.JPG,https://cdstar.shh.mpg.de/bitstreams/EAEA0-61EC-A7D5-17CD-0/92.JPG,image/jpeg,3337017
cc2126e0e30c075e8f6fb9a4dda2864c,tzh,93.JPG,https://cdstar.shh.mpg.de/bitstreams/EAEA0-1F65-38DB-1446-0/93.JPG,image/jpeg,3831708
468a3a960721f1a0e5a2795101e9a81a,tzh,94.JPG,https://cdstar.shh.mpg.de/bitstreams/EAEA0-E413-D697-FF29-0/94.JPG,image/jpeg,3712272
931bcc4de950e58ad2a248cc3fe4e541,tzh,95.JPG,https://cdstar.shh.mpg.de/bitstreams/EAEA0-994A-6F34-216F-0/95.JPG,image/jpeg,3635219
379350d376ff2bec2b144c4fc8099dfa,tzh,96.JPG,https://cdstar.shh.mpg.de/bitstreams/EAEA0-39E8-029C-A7E9-0/96.JPG,image/jpeg,2366824
2d2000b99bb1d5b9abb67046ea96da4b,tzh,97.JPG,https://cdstar.shh.mpg.de/bitstreams/EAEA0-21C9-5108-DF5D-0/97.JPG,image/jpeg,3553346
f1e78cf70cd0bed9014638e3ac91b453,tzh,98.JPG,https://cdstar.shh.mpg.de/bitstreams/EAEA0-E787-668D-65E3-0/98.JPG,image/jpeg,3579000
830421f69b23853f096151a1ee964e06,tzh,99.JPG,https://cdstar.shh.mpg.de/bitstreams/EAEA0-382D-9A5E-C4A0-0/99.JPG,image/jpeg,3794395
